"0","for(col in out$bp.Vt){"
"0","    print(col)"
"0","}"
"1","[1]"
"1"," 152"
"1","
"
"1","   "
"1"," break1"
"1","      RSS1"
"1"," break2"
"1","      RSS2"
"1"," break3"
"1","     RSS3"
"1"," break4"
"1","     RSS4"
"1"," break5"
"1","     RSS5"
"1","
40 "
"1","     40"
"1"," 0.2702611"
"1","     NA"
"1","        NA"
"1","     NA"
"1","       NA"
"1","     NA"
"1","       NA"
"1","     NA"
"1","       NA"
"1","
41 "
"1","     41"
"1"," 0.2962544"
"1","     NA"
"1","        NA"
"1","     NA"
"1","       NA"
"1","     NA"
"1","       NA"
"1","     NA"
"1","       NA"
"1","
42 "
"1","     42"
"1"," 0.2979476"
"1","     NA"
"1","        NA"
"1","     NA"
"1","       NA"
"1","     NA"
"1","       NA"
"1","     NA"
"1","       NA"
"1","
43 "
"1","     43"
"1"," 0.2999533"
"1","     NA"
"1","        NA"
"1","     NA"
"1","       NA"
"1","     NA"
"1","       NA"
"1","     NA"
"1","       NA"
"1","
44 "
"1","     44"
"1"," 0.3009891"
"1","     NA"
"1","        NA"
"1","     NA"
"1","       NA"
"1","     NA"
"1","       NA"
"1","     NA"
"1","       NA"
"1","
45 "
"1","     45"
"1"," 0.3056301"
"1","     NA"
"1","        NA"
"1","     NA"
"1","       NA"
"1","     NA"
"1","       NA"
"1","     NA"
"1","       NA"
"1","
46 "
"1","     46"
"1"," 0.3393118"
"1","     NA"
"1","        NA"
"1","     NA"
"1","       NA"
"1","     NA"
"1","       NA"
"1","     NA"
"1","       NA"
"1","
47 "
"1","     47"
"1"," 0.3453913"
"1","     NA"
"1","        NA"
"1","     NA"
"1","       NA"
"1","     NA"
"1","       NA"
"1","     NA"
"1","       NA"
"1","
48 "
"1","     48"
"1"," 0.3495857"
"1","     NA"
"1","        NA"
"1","     NA"
"1","       NA"
"1","     NA"
"1","       NA"
"1","     NA"
"1","       NA"
"1","
49 "
"1","     49"
"1"," 0.3512945"
"1","     NA"
"1","        NA"
"1","     NA"
"1","       NA"
"1","     NA"
"1","       NA"
"1","     NA"
"1","       NA"
"1","
50 "
"1","     50"
"1"," 0.3749165"
"1","     NA"
"1","        NA"
"1","     NA"
"1","       NA"
"1","     NA"
"1","       NA"
"1","     NA"
"1","       NA"
"1","
51 "
"1","     51"
"1"," 0.3779431"
"1","     NA"
"1","        NA"
"1","     NA"
"1","       NA"
"1","     NA"
"1","       NA"
"1","     NA"
"1","       NA"
"1","
52 "
"1","     52"
"1"," 0.3891288"
"1","     NA"
"1","        NA"
"1","     NA"
"1","       NA"
"1","     NA"
"1","       NA"
"1","     NA"
"1","       NA"
"1","
53 "
"1","     53"
"1"," 0.4013547"
"1","     NA"
"1","        NA"
"1","     NA"
"1","       NA"
"1","     NA"
"1","       NA"
"1","     NA"
"1","       NA"
"1","
54 "
"1","     54"
"1"," 0.4238384"
"1","     NA"
"1","        NA"
"1","     NA"
"1","       NA"
"1","     NA"
"1","       NA"
"1","     NA"
"1","       NA"
"1","
55 "
"1","     55"
"1"," 0.4407994"
"1","     NA"
"1","        NA"
"1","     NA"
"1","       NA"
"1","     NA"
"1","       NA"
"1","     NA"
"1","       NA"
"1","
56 "
"1","     56"
"1"," 0.4408010"
"1","     NA"
"1","        NA"
"1","     NA"
"1","       NA"
"1","     NA"
"1","       NA"
"1","     NA"
"1","       NA"
"1","
57 "
"1","     57"
"1"," 0.4447764"
"1","     NA"
"1","        NA"
"1","     NA"
"1","       NA"
"1","     NA"
"1","       NA"
"1","     NA"
"1","       NA"
"1","
58 "
"1","     58"
"1"," 0.4448029"
"1","     NA"
"1","        NA"
"1","     NA"
"1","       NA"
"1","     NA"
"1","       NA"
"1","     NA"
"1","       NA"
"1","
59 "
"1","     59"
"1"," 0.4453894"
"1","     NA"
"1","        NA"
"1","     NA"
"1","       NA"
"1","     NA"
"1","       NA"
"1","     NA"
"1","       NA"
"1","
60 "
"1","     60"
"1"," 0.4567843"
"1","     NA"
"1","        NA"
"1","     NA"
"1","       NA"
"1","     NA"
"1","       NA"
"1","     NA"
"1","       NA"
"1","
61 "
"1","     61"
"1"," 0.4588930"
"1","     NA"
"1","        NA"
"1","     NA"
"1","       NA"
"1","     NA"
"1","       NA"
"1","     NA"
"1","       NA"
"1","
62 "
"1","     62"
"1"," 0.4683654"
"1","     NA"
"1","        NA"
"1","     NA"
"1","       NA"
"1","     NA"
"1","       NA"
"1","     NA"
"1","       NA"
"1","
63 "
"1","     63"
"1"," 0.4714595"
"1","     NA"
"1","        NA"
"1","     NA"
"1","       NA"
"1","     NA"
"1","       NA"
"1","     NA"
"1","       NA"
"1","
64 "
"1","     64"
"1"," 0.4956053"
"1","     NA"
"1","        NA"
"1","     NA"
"1","       NA"
"1","     NA"
"1","       NA"
"1","     NA"
"1","       NA"
"1","
65 "
"1","     65"
"1"," 0.5027108"
"1","     NA"
"1","        NA"
"1","     NA"
"1","       NA"
"1","     NA"
"1","       NA"
"1","     NA"
"1","       NA"
"1","
66 "
"1","     66"
"1"," 0.5090996"
"1","     NA"
"1","        NA"
"1","     NA"
"1","       NA"
"1","     NA"
"1","       NA"
"1","     NA"
"1","       NA"
"1","
67 "
"1","     67"
"1"," 0.5329688"
"1","     NA"
"1","        NA"
"1","     NA"
"1","       NA"
"1","     NA"
"1","       NA"
"1","     NA"
"1","       NA"
"1","
68 "
"1","     68"
"1"," 0.5330637"
"1","     NA"
"1","        NA"
"1","     NA"
"1","       NA"
"1","     NA"
"1","       NA"
"1","     NA"
"1","       NA"
"1","
69 "
"1","     69"
"1"," 0.5408470"
"1","     NA"
"1","        NA"
"1","     NA"
"1","       NA"
"1","     NA"
"1","       NA"
"1","     NA"
"1","       NA"
"1","
70 "
"1","     70"
"1"," 0.5408512"
"1","     NA"
"1","        NA"
"1","     NA"
"1","       NA"
"1","     NA"
"1","       NA"
"1","     NA"
"1","       NA"
"1","
71 "
"1","     71"
"1"," 0.5408598"
"1","     NA"
"1","        NA"
"1","     NA"
"1","       NA"
"1","     NA"
"1","       NA"
"1","     NA"
"1","       NA"
"1","
72 "
"1","     72"
"1"," 0.5412075"
"1","     NA"
"1","        NA"
"1","     NA"
"1","       NA"
"1","     NA"
"1","       NA"
"1","     NA"
"1","       NA"
"1","
73 "
"1","     73"
"1"," 0.5654705"
"1","     NA"
"1","        NA"
"1","     NA"
"1","       NA"
"1","     NA"
"1","       NA"
"1","     NA"
"1","       NA"
"1","
74 "
"1","     74"
"1"," 0.5675463"
"1","     NA"
"1","        NA"
"1","     NA"
"1","       NA"
"1","     NA"
"1","       NA"
"1","     NA"
"1","       NA"
"1","
75 "
"1","     75"
"1"," 0.5860124"
"1","     NA"
"1","        NA"
"1","     NA"
"1","       NA"
"1","     NA"
"1","       NA"
"1","     NA"
"1","       NA"
"1","
76 "
"1","     76"
"1"," 0.5864630"
"1","     NA"
"1","        NA"
"1","     NA"
"1","       NA"
"1","     NA"
"1","       NA"
"1","     NA"
"1","       NA"
"1","
77 "
"1","     77"
"1"," 0.5896981"
"1","     NA"
"1","        NA"
"1","     NA"
"1","       NA"
"1","     NA"
"1","       NA"
"1","     NA"
"1","       NA"
"1","
78 "
"1","     78"
"1"," 0.5914073"
"1","     NA"
"1","        NA"
"1","     NA"
"1","       NA"
"1","     NA"
"1","       NA"
"1","     NA"
"1","       NA"
"1","
79 "
"1","     79"
"1"," 0.6598545"
"1","     NA"
"1","        NA"
"1","     NA"
"1","       NA"
"1","     NA"
"1","       NA"
"1","     NA"
"1","       NA"
"1","
80 "
"1","     80"
"1"," 0.6602492"
"1","     40"
"1"," 0.6512164"
"1","     NA"
"1","       NA"
"1","     NA"
"1","       NA"
"1","     NA"
"1","       NA"
"1","
81 "
"1","     81"
"1"," 0.6610511"
"1","     41"
"1"," 0.6488899"
"1","     NA"
"1","       NA"
"1","     NA"
"1","       NA"
"1","     NA"
"1","       NA"
"1","
82 "
"1","     82"
"1"," 0.6726212"
"1","     41"
"1"," 0.6581773"
"1","     NA"
"1","       NA"
"1","     NA"
"1","       NA"
"1","     NA"
"1","       NA"
"1","
83 "
"1","     83"
"1"," 0.6774606"
"1","     43"
"1"," 0.6621966"
"1","     NA"
"1","       NA"
"1","     NA"
"1","       NA"
"1","     NA"
"1","       NA"
"1","
84 "
"1","     84"
"1"," 0.6788814"
"1","     44"
"1"," 0.6583306"
"1","     NA"
"1","       NA"
"1","     NA"
"1","       NA"
"1","     NA"
"1","       NA"
"1","
85 "
"1","     85"
"1"," 0.7308541"
"1","     44"
"1"," 0.7061639"
"1","     NA"
"1","       NA"
"1","     NA"
"1","       NA"
"1","     NA"
"1","       NA"
"1","
86 "
"1","     86"
"1"," 0.7308834"
"1","     44"
"1"," 0.7065439"
"1","     NA"
"1","       NA"
"1","     NA"
"1","       NA"
"1","     NA"
"1","       NA"
"1","
87 "
"1","     87"
"1"," 0.7351705"
"1","     44"
"1"," 0.7091325"
"1","     NA"
"1","       NA"
"1","     NA"
"1","       NA"
"1","     NA"
"1","       NA"
"1","
88 "
"1","     88"
"1"," 0.7357298"
"1","     44"
"1"," 0.7091947"
"1","     NA"
"1","       NA"
"1","     NA"
"1","       NA"
"1","     NA"
"1","       NA"
"1","
89 "
"1","     89"
"1"," 0.7358327"
"1","     44"
"1"," 0.7098350"
"1","     NA"
"1","       NA"
"1","     NA"
"1","       NA"
"1","     NA"
"1","       NA"
"1","
90 "
"1","     90"
"1"," 0.7611647"
"1","     44"
"1"," 0.7386781"
"1","     NA"
"1","       NA"
"1","     NA"
"1","       NA"
"1","     NA"
"1","       NA"
"1","
91 "
"1","     91"
"1"," 0.7639664"
"1","     44"
"1"," 0.7420992"
"1","     NA"
"1","       NA"
"1","     NA"
"1","       NA"
"1","     NA"
"1","       NA"
"1","
92 "
"1","     92"
"1"," 0.7651125"
"1","     44"
"1"," 0.7434827"
"1","     NA"
"1","       NA"
"1","     NA"
"1","       NA"
"1","     NA"
"1","       NA"
"1","
93 "
"1","     93"
"1"," 0.7691188"
"1","     44"
"1"," 0.7476265"
"1","     NA"
"1","       NA"
"1","     NA"
"1","       NA"
"1","     NA"
"1","       NA"
"1","
94 "
"1","     94"
"1"," 0.7925481"
"1","     44"
"1"," 0.7703039"
"1","     NA"
"1","       NA"
"1","     NA"
"1","       NA"
"1","     NA"
"1","       NA"
"1","
95 "
"1","     95"
"1"," 0.8176307"
"1","     44"
"1"," 0.7960602"
"1","     NA"
"1","       NA"
"1","     NA"
"1","       NA"
"1","     NA"
"1","       NA"
"1","
96 "
"1","     96"
"1"," 0.8238891"
"1","     44"
"1"," 0.8022590"
"1","     NA"
"1","       NA"
"1","     NA"
"1","       NA"
"1","     NA"
"1","       NA"
"1","
97 "
"1","     97"
"1"," 0.8282636"
"1","     44"
"1"," 0.8066869"
"1","     NA"
"1","       NA"
"1","     NA"
"1","       NA"
"1","     NA"
"1","       NA"
"1","
98 "
"1","     98"
"1"," 0.8357673"
"1","     44"
"1"," 0.8141010"
"1","     NA"
"1","       NA"
"1","     NA"
"1","       NA"
"1","     NA"
"1","       NA"
"1","
99 "
"1","     99"
"1"," 0.8399140"
"1","     44"
"1"," 0.8178962"
"1","     NA"
"1","       NA"
"1","     NA"
"1","       NA"
"1","     NA"
"1","       NA"
"1","
100"
"1","    100"
"1"," 0.8400357"
"1","     44"
"1"," 0.8179495"
"1","     NA"
"1","       NA"
"1","     NA"
"1","       NA"
"1","     NA"
"1","       NA"
"1","
101"
"1","    101"
"1"," 0.8844284"
"1","     44"
"1"," 0.8625018"
"1","     NA"
"1","       NA"
"1","     NA"
"1","       NA"
"1","     NA"
"1","       NA"
"1","
102"
"1","    102"
"1"," 0.8938571"
"1","     44"
"1"," 0.8710857"
"1","     NA"
"1","       NA"
"1","     NA"
"1","       NA"
"1","     NA"
"1","       NA"
"1","
103"
"1","    103"
"1"," 0.8943165"
"1","     44"
"1"," 0.8718172"
"1","     NA"
"1","       NA"
"1","     NA"
"1","       NA"
"1","     NA"
"1","       NA"
"1","
104"
"1","    104"
"1"," 0.8943621"
"1","     44"
"1"," 0.8718190"
"1","     NA"
"1","       NA"
"1","     NA"
"1","       NA"
"1","     NA"
"1","       NA"
"1","
105"
"1","    105"
"1"," 0.9022175"
"1","     44"
"1"," 0.8804496"
"1","     NA"
"1","       NA"
"1","     NA"
"1","       NA"
"1","     NA"
"1","       NA"
"1","
106"
"1","    106"
"1"," 0.9028974"
"1","     44"
"1"," 0.8809618"
"1","     NA"
"1","       NA"
"1","     NA"
"1","       NA"
"1","     NA"
"1","       NA"
"1","
107"
"1","    107"
"1"," 0.9033668"
"1","     44"
"1"," 0.8815978"
"1","     NA"
"1","       NA"
"1","     NA"
"1","       NA"
"1","     NA"
"1","       NA"
"1","
108"
"1","    108"
"1"," 0.9138006"
"1","     44"
"1"," 0.8911088"
"1","     NA"
"1","       NA"
"1","     NA"
"1","       NA"
"1","     NA"
"1","       NA"
"1","
109"
"1","    109"
"1"," 0.9264197"
"1","     44"
"1"," 0.9047644"
"1","     NA"
"1","       NA"
"1","     NA"
"1","       NA"
"1","     NA"
"1","       NA"
"1","
110"
"1","    110"
"1"," 0.9264413"
"1","     44"
"1"," 0.9048242"
"1","     NA"
"1","       NA"
"1","     NA"
"1","       NA"
"1","     NA"
"1","       NA"
"1","
111"
"1","    111"
"1"," 0.9289789"
"1","     44"
"1"," 0.9076176"
"1","     NA"
"1","       NA"
"1","     NA"
"1","       NA"
"1","     NA"
"1","       NA"
"1","
112"
"1","    112"
"1"," 0.9307987"
"1","     44"
"1"," 0.9095627"
"1","     NA"
"1","       NA"
"1","     NA"
"1","       NA"
"1","     NA"
"1","       NA"
"1","
113"
"1","    113"
"1"," 0.9399836"
"1","     44"
"1"," 0.9183460"
"1","     NA"
"1","       NA"
"1","     NA"
"1","       NA"
"1","     NA"
"1","       NA"
"1","
114"
"1","    114"
"1"," 0.9422076"
"1","     44"
"1"," 0.9202281"
"1","     NA"
"1","       NA"
"1","     NA"
"1","       NA"
"1","     NA"
"1","       NA"
"1","
115"
"1","    115"
"1"," 0.9529419"
"1","     44"
"1"," 0.9298660"
"1","     NA"
"1","       NA"
"1","     NA"
"1","       NA"
"1","     NA"
"1","       NA"
"1","
116"
"1","    116"
"1"," 0.9771018"
"1","     76"
"1"," 0.9438183"
"1","     NA"
"1","       NA"
"1","     NA"
"1","       NA"
"1","     NA"
"1","       NA"
"1","
117"
"1","    117"
"1"," 0.9956406"
"1","     76"
"1"," 0.9527247"
"1","     NA"
"1","       NA"
"1","     NA"
"1","       NA"
"1","     NA"
"1","       NA"
"1","
118"
"1","    118"
"1"," 1.0087967"
"1","     78"
"1"," 0.9711443"
"1","     NA"
"1","       NA"
"1","     NA"
"1","       NA"
"1","     NA"
"1","       NA"
"1","
119"
"1","    119"
"1"," 1.0156518"
"1","     78"
"1"," 0.9726794"
"1","     NA"
"1","       NA"
"1","     NA"
"1","       NA"
"1","     NA"
"1","       NA"
"1","
120"
"1","    120"
"1"," 1.0382283"
"1","     78"
"1"," 1.0088233"
"1","     80"
"1"," 1.018336"
"1","     NA"
"1","       NA"
"1","     NA"
"1","       NA"
"1","
121"
"1","    121"
"1"," 1.0384482"
"1","     78"
"1"," 1.0091994"
"1","     81"
"1"," 1.012679"
"1","     NA"
"1","       NA"
"1","     NA"
"1","       NA"
"1","
122"
"1","    122"
"1"," 1.0835993"
"1","     78"
"1"," 1.0390824"
"1","     81"
"1"," 1.044173"
"1","     NA"
"1","       NA"
"1","     NA"
"1","       NA"
"1","
123"
"1","    123"
"1"," 1.0836014"
"1","     78"
"1"," 1.0409190"
"1","     83"
"1"," 1.043253"
"1","     NA"
"1","       NA"
"1","     NA"
"1","       NA"
"1","
124"
"1","    124"
"1"," 1.0840989"
"1","     78"
"1"," 1.0450713"
"1","     84"
"1"," 1.043125"
"1","     NA"
"1","       NA"
"1","     NA"
"1","       NA"
"1","
125"
"1","    125"
"1"," 1.0848706"
"1","     78"
"1"," 1.0452403"
"1","     84"
"1"," 1.043214"
"1","     NA"
"1","       NA"
"1","     NA"
"1","       NA"
"1","
126"
"1","    126"
"1"," 1.0854399"
"1","     78"
"1"," 1.0455244"
"1","     84"
"1"," 1.043388"
"1","     NA"
"1","       NA"
"1","     NA"
"1","       NA"
"1","
127"
"1","    127"
"1"," 1.0867951"
"1","     78"
"1"," 1.0455408"
"1","     87"
"1"," 1.041542"
"1","     NA"
"1","       NA"
"1","     NA"
"1","       NA"
"1","
128"
"1","    128"
"1"," 1.0888744"
"1","     78"
"1"," 1.0527480"
"1","     88"
"1"," 1.043764"
"1","     NA"
"1","       NA"
"1","     NA"
"1","       NA"
"1","
129"
"1","    129"
"1"," 1.1049240"
"1","     78"
"1"," 1.0602754"
"1","     88"
"1"," 1.055104"
"1","     NA"
"1","       NA"
"1","     NA"
"1","       NA"
"1","
130"
"1","    130"
"1"," 1.1160335"
"1","     78"
"1"," 1.0640394"
"1","     88"
"1"," 1.061357"
"1","     NA"
"1","       NA"
"1","     NA"
"1","       NA"
"1","
131"
"1","    131"
"1"," 1.1160337"
"1","     78"
"1"," 1.0661043"
"1","     88"
"1"," 1.062164"
"1","     NA"
"1","       NA"
"1","     NA"
"1","       NA"
"1","
132"
"1","    132"
"1"," 1.1182472"
"1","     78"
"1"," 1.0661101"
"1","     88"
"1"," 1.062537"
"1","     NA"
"1","       NA"
"1","     NA"
"1","       NA"
"1","
133"
"1","    133"
"1"," 1.1234970"
"1","     78"
"1"," 1.0668194"
"1","     88"
"1"," 1.064372"
"1","     NA"
"1","       NA"
"1","     NA"
"1","       NA"
"1","
134"
"1","    134"
"1"," 1.1355842"
"1","     78"
"1"," 1.0706258"
"1","     84"
"1"," 1.069074"
"1","     NA"
"1","       NA"
"1","     NA"
"1","       NA"
"1","
135"
"1","    135"
"1"," 1.1378109"
"1","     78"
"1"," 1.0706338"
"1","     84"
"1"," 1.069074"
"1","     NA"
"1","       NA"
"1","     NA"
"1","       NA"
"1","
136"
"1","    136"
"1"," 1.1425636"
"1","     78"
"1"," 1.0709615"
"1","     84"
"1"," 1.069469"
"1","     NA"
"1","       NA"
"1","     NA"
"1","       NA"
"1","
137"
"1","    137"
"1"," 1.1435513"
"1","     78"
"1"," 1.0776063"
"1","     84"
"1"," 1.075799"
"1","     NA"
"1","       NA"
"1","     NA"
"1","       NA"
"1","
138"
"1","    138"
"1"," 1.1531881"
"1","     78"
"1"," 1.0984453"
"1","     88"
"1"," 1.092726"
"1","     NA"
"1","       NA"
"1","     NA"
"1","       NA"
"1","
139"
"1","    139"
"1"," 1.1538652"
"1","     78"
"1"," 1.1031509"
"1","     88"
"1"," 1.095491"
"1","     NA"
"1","       NA"
"1","     NA"
"1","       NA"
"1","
"
"1"," [ reached getOption(""max.print"") -- omitted 229 rows ]
"
"1","[[1]]
"
"1","  [1]"
"1","          NA"
"1","          NA"
"1"," 0.003944065"
"1"," 0.004947577"
"1"," 0.005117691"
"1"," 0.024720628"
"1"," 0.025820772"
"1"," 0.025947363"
"1","
"
"1","  [9]"
"1"," 0.050048723"
"1"," 0.062790632"
"1"," 0.078822358"
"1"," 0.079838416"
"1"," 0.083162220"
"1"," 0.085213033"
"1"," 0.092135822"
"1"," 0.105867643"
"1","
"
"1"," [17]"
"1"," 0.111173974"
"1"," 0.176436011"
"1"," 0.176759548"
"1"," 0.177283247"
"1"," 0.186285699"
"1"," 0.186586182"
"1"," 0.189441632"
"1"," 0.195715911"
"1","
"
"1"," [25]"
"1"," 0.196190381"
"1"," 0.199430400"
"1"," 0.199807686"
"1"," 0.201821787"
"1"," 0.226758135"
"1"," 0.226977483"
"1"," 0.227104325"
"1"," 0.229100597"
"1","
"
"1"," [33]"
"1"," 0.229493545"
"1"," 0.233622889"
"1"," 0.235806487"
"1"," 0.236357716"
"1"," 0.236582608"
"1"," 0.259479557"
"1"," 0.264164091"
"1"," 0.270261070"
"1","
"
"1"," [41]"
"1"," 0.296254438"
"1"," 0.297947629"
"1"," 0.299953333"
"1"," 0.300989095"
"1"," 0.305630058"
"1"," 0.339311812"
"1"," 0.345391271"
"1"," 0.349585697"
"1","
"
"1"," [49]"
"1"," 0.351294529"
"1"," 0.374916453"
"1"," 0.377943126"
"1"," 0.389128838"
"1"," 0.401354724"
"1"," 0.423838367"
"1"," 0.440799414"
"1"," 0.440800954"
"1","
"
"1"," [57]"
"1"," 0.444776390"
"1"," 0.444802867"
"1"," 0.445389383"
"1"," 0.456784327"
"1"," 0.458893050"
"1"," 0.468365359"
"1"," 0.471459544"
"1"," 0.495605308"
"1","
"
"1"," [65]"
"1"," 0.502710751"
"1"," 0.509099605"
"1"," 0.532968816"
"1"," 0.533063744"
"1"," 0.540846972"
"1"," 0.540851158"
"1"," 0.540859815"
"1"," 0.541207466"
"1","
"
"1"," [73]"
"1"," 0.565470521"
"1"," 0.567546294"
"1"," 0.586012351"
"1"," 0.586462972"
"1"," 0.589698149"
"1"," 0.591407268"
"1"," 0.659854549"
"1"," 0.660249187"
"1","
"
"1"," [81]"
"1"," 0.661051139"
"1"," 0.672621166"
"1"," 0.677460593"
"1"," 0.678881405"
"1"," 0.730854146"
"1"," 0.730883372"
"1"," 0.735170509"
"1"," 0.735729773"
"1","
"
"1"," [89]"
"1"," 0.735832740"
"1"," 0.761164743"
"1"," 0.763966373"
"1"," 0.765112489"
"1"," 0.769118778"
"1"," 0.792548096"
"1"," 0.817630683"
"1"," 0.823889122"
"1","
"
"1"," [97]"
"1"," 0.828263595"
"1"," 0.835767259"
"1"," 0.839913977"
"1"," 0.840035725"
"1"," 0.884428364"
"1"," 0.893857063"
"1"," 0.894316549"
"1"," 0.894362140"
"1","
"
"1","[105]"
"1"," 0.902217488"
"1"," 0.902897370"
"1"," 0.903366808"
"1"," 0.913800621"
"1"," 0.926419710"
"1"," 0.926441279"
"1"," 0.928978940"
"1"," 0.930798697"
"1","
"
"1","[113]"
"1"," 0.939983649"
"1"," 0.942207569"
"1"," 0.952941935"
"1"," 0.977101759"
"1"," 0.995640650"
"1"," 1.008796745"
"1"," 1.015651846"
"1"," 1.038228322"
"1","
"
"1","[121]"
"1"," 1.038448223"
"1"," 1.083599289"
"1"," 1.083601421"
"1"," 1.084098922"
"1"," 1.084870597"
"1"," 1.085439854"
"1"," 1.086795135"
"1"," 1.088874375"
"1","
"
"1","[129]"
"1"," 1.104924003"
"1"," 1.116033542"
"1"," 1.116033705"
"1"," 1.118247244"
"1"," 1.123497035"
"1"," 1.135584241"
"1"," 1.137810882"
"1"," 1.142563638"
"1","
"
"1","[137]"
"1"," 1.143551277"
"1"," 1.153188061"
"1"," 1.153865189"
"1"," 1.168222308"
"1"," 1.178631554"
"1"," 1.178977678"
"1"," 1.181147160"
"1"," 1.182470872"
"1","
"
"1","[145]"
"1"," 1.208675273"
"1"," 1.225477539"
"1"," 1.230606943"
"1"," 1.230785193"
"1"," 1.255103363"
"1"," 1.266943935"
"1"," 1.268346829"
"1"," 1.268607126"
"1","
"
"1","[153]"
"1"," 1.278240629"
"1"," 1.294348868"
"1"," 1.301848787"
"1"," 1.318109194"
"1"," 1.322653918"
"1"," 1.337206252"
"1"," 1.339373235"
"1"," 1.403713477"
"1","
"
"1","[161]"
"1"," 1.403909118"
"1"," 1.419193691"
"1"," 1.420081804"
"1"," 1.440155586"
"1"," 1.453428638"
"1"," 1.458391744"
"1"," 1.462671659"
"1"," 1.476469766"
"1","
"
"1","[169]"
"1"," 1.479957486"
"1"," 1.480114048"
"1"," 1.513594538"
"1"," 1.517997358"
"1"," 1.527284304"
"1"," 1.555759227"
"1"," 1.564302130"
"1"," 1.608154137"
"1","
"
"1","[177]"
"1"," 1.608892385"
"1"," 1.624229082"
"1"," 1.624404707"
"1"," 1.624427670"
"1"," 1.624455511"
"1"," 1.626195372"
"1"," 1.633974610"
"1"," 1.700103433"
"1","
"
"1","[185]"
"1"," 1.706681842"
"1"," 1.708175251"
"1"," 1.740914862"
"1"," 1.782658066"
"1"," 1.784850203"
"1"," 1.800214804"
"1"," 1.804897551"
"1"," 1.808180649"
"1","
"
"1","[193]"
"1"," 1.808849570"
"1"," 1.825634402"
"1"," 1.830800026"
"1"," 1.830873323"
"1"," 1.839686551"
"1"," 1.845632714"
"1"," 1.846807816"
"1"," 1.858299808"
"1","
"
"1","[201]"
"1"," 1.870055455"
"1"," 1.896672377"
"1"," 1.896672435"
"1"," 1.897770991"
"1"," 1.897788217"
"1"," 1.900647578"
"1"," 1.920772042"
"1"," 1.923957234"
"1","
"
"1","[209]"
"1"," 1.930980804"
"1"," 1.931471663"
"1"," 1.943970133"
"1"," 1.982967532"
"1"," 1.984973410"
"1"," 1.990903699"
"1"," 1.996871485"
"1"," 2.017745577"
"1","
"
"1","[217]"
"1"," 2.131110760"
"1"," 2.131342327"
"1"," 2.132047016"
"1"," 2.143759322"
"1"," 2.143798383"
"1"," 2.144107064"
"1"," 2.144559191"
"1"," 2.150898759"
"1","
"
"1","[225]"
"1"," 2.153042871"
"1"," 2.188250823"
"1"," 2.188273875"
"1"," 2.206085323"
"1"," 2.217131613"
"1"," 2.217244030"
"1"," 2.218326750"
"1"," 2.246284878"
"1","
"
"1","[233]"
"1"," 2.262731975"
"1"," 2.277417456"
"1"," 2.278539234"
"1"," 2.280029763"
"1"," 2.282166537"
"1"," 2.284766099"
"1"," 2.297930758"
"1"," 2.298186561"
"1","
"
"1","[241]"
"1"," 2.299631449"
"1"," 2.368387201"
"1"," 2.390886646"
"1"," 2.391973142"
"1"," 2.396809597"
"1"," 2.426469994"
"1"," 2.442639739"
"1"," 2.452144073"
"1","
"
"1","[249]"
"1"," 2.452233392"
"1"," 2.453774074"
"1"," 2.454435930"
"1"," 2.480523392"
"1"," 2.480630031"
"1"," 2.499435898"
"1"," 2.512369974"
"1"," 2.518900681"
"1","
"
"1","[257]"
"1"," 2.527158060"
"1"," 2.537230911"
"1"," 2.546152637"
"1"," 2.559594980"
"1"," 2.564073944"
"1"," 2.566336299"
"1"," 2.566554318"
"1"," 2.572063249"
"1","
"
"1","[265]"
"1"," 2.572069490"
"1"," 2.583821424"
"1"," 2.586632847"
"1"," 2.591003020"
"1"," 2.601396792"
"1"," 2.605585615"
"1"," 2.612958031"
"1"," 2.614270241"
"1","
"
"1","[273]"
"1"," 2.702722417"
"1"," 2.708956402"
"1"," 2.709906970"
"1"," 2.732904326"
"1"," 2.746534581"
"1"," 2.746535046"
"1"," 2.746564514"
"1"," 2.747805292"
"1","
"
"1","[281]"
"1"," 2.760206309"
"1"," 2.772256912"
"1"," 2.772565811"
"1"," 2.785665739"
"1"," 2.827541594"
"1"," 2.858012790"
"1"," 2.872444562"
"1"," 2.878579819"
"1","
"
"1","[289]"
"1"," 2.889599377"
"1"," 2.955642121"
"1"," 2.960384583"
"1"," 2.978122767"
"1"," 2.987728852"
"1"," 2.988070007"
"1"," 2.988422229"
"1"," 3.004222073"
"1","
"
"1","[297]"
"1"," 3.034968009"
"1"," 3.098947491"
"1"," 3.112688505"
"1"," 3.112762193"
"1"," 3.135047977"
"1"," 3.137517530"
"1"," 3.139673293"
"1"," 3.146800067"
"1","
"
"1","[305]"
"1"," 3.147186124"
"1"," 3.163244560"
"1"," 3.196860725"
"1"," 3.244918377"
"1"," 3.245251378"
"1"," 3.266255996"
"1"," 3.283914929"
"1"," 3.284446604"
"1","
"
"1","[313]"
"1"," 3.321535178"
"1"," 3.325832451"
"1"," 3.327660935"
"1"," 3.356034952"
"1"," 3.388947346"
"1"," 3.388956857"
"1"," 3.432689366"
"1"," 3.457215785"
"1","
"
"1","[321]"
"1"," 3.467347798"
"1"," 3.473530888"
"1"," 3.481834879"
"1"," 3.485275495"
"1"," 3.505178996"
"1"," 3.518138652"
"1"," 3.518900423"
"1"," 3.520656429"
"1","
"
"1","[329]"
"1"," 3.544591207"
"1"," 3.550090100"
"1"," 3.629596086"
"1"," 3.635407812"
"1"," 3.636164541"
"1"," 3.636183728"
"1"," 3.641959384"
"1"," 3.658872546"
"1","
"
"1","[337]"
"1"," 3.660515984"
"1"," 3.674000207"
"1"," 3.676123019"
"1"," 3.823816538"
"1"," 3.827690991"
"1"," 3.855276103"
"1"," 3.855725493"
"1"," 3.855729730"
"1","
"
"1","[345]"
"1"," 3.855927060"
"1"," 3.871594157"
"1"," 3.872823620"
"1"," 3.886613004"
"1"," 3.891399072"
"1"," 3.901769211"
"1"," 3.931206669"
"1"," 3.942448971"
"1","
"
"1","[353]"
"1"," 3.943029341"
"1"," 4.026124632"
"1"," 4.026592812"
"1"," 4.070617674"
"1"," 4.081011794"
"1"," 4.099000172"
"1"," 4.114028447"
"1"," 4.116496768"
"1","
"
"1","[361]"
"1"," 4.129476124"
"1"," 4.179181876"
"1"," 4.184769676"
"1"," 4.186757685"
"1"," 4.195104727"
"1"," 4.208265930"
"1"," 4.239645496"
"1"," 4.249324630"
"1","
"
"1","[369]"
"1"," 4.249344539"
"1"," 4.273597451"
"1"," 4.291150415"
"1"," 4.291245773"
"1"," 4.296776977"
"1"," 4.299177028"
"1"," 4.316293691"
"1"," 4.340809146"
"1","
"
"1","[377]"
"1"," 4.352726204"
"1"," 4.358950468"
"1"," 4.365756709"
"1"," 4.365837725"
"1"," 4.365889906"
"1"," 4.365919561"
"1"," 4.365966055"
"1"," 4.387893179"
"1","
"
"1","[385]"
"1"," 4.419677350"
"1"," 4.419935368"
"1"," 4.423574569"
"1"," 4.426749686"
"1"," 4.461883847"
"1"," 4.468109748"
"1"," 4.479542333"
"1"," 4.496916569"
"1","
"
"1","[393]"
"1"," 4.510585455"
"1"," 4.550605811"
"1"," 4.551860139"
"1"," 4.556341502"
"1"," 4.572896096"
"1"," 4.575026341"
"1"," 4.601111151"
"1"," 4.601176958"
"1","
"
"1","[401]"
"1"," 4.616188749"
"1"," 4.646655536"
"1"," 4.650143103"
"1"," 4.660653402"
"1"," 4.660829933"
"1"," 4.662169220"
"1"," 4.722456909"
"1"," 4.726091024"
"1","
"
"1","
"
"1","[[2]]
"
"1","  [1]"
"1","           NA"
"1","           NA"
"1"," 0.0003332921"
"1"," 0.0023817270"
"1"," 0.0246540218"
"1"," 0.0254696412"
"1"," 0.0254992568"
"1"," 0.0465372647"
"1","
"
"1","  [9]"
"1"," 0.0559273629"
"1"," 0.0674843425"
"1"," 0.0700536585"
"1"," 0.0716842398"
"1"," 0.0724843316"
"1"," 0.0821757709"
"1"," 0.0927550745"
"1"," 0.0961170427"
"1","
"
"1"," [17]"
"1"," 0.1533698898"
"1"," 0.1533709265"
"1"," 0.1548793031"
"1"," 0.1611925438"
"1"," 0.1622374466"
"1"," 0.1637621158"
"1"," 0.1723791389"
"1"," 0.1735637964"
"1","
"
"1"," [25]"
"1"," 0.1755639512"
"1"," 0.1756201994"
"1"," 0.1787852334"
"1"," 0.2071211047"
"1"," 0.2071474237"
"1"," 0.2075720447"
"1"," 0.2088385982"
"1"," 0.2096601451"
"1","
"
"1"," [33]"
"1"," 0.2127542310"
"1"," 0.2157933916"
"1"," 0.2167860445"
"1"," 0.2168381498"
"1"," 0.2420156859"
"1"," 0.2476836103"
"1"," 0.2548314340"
"1"," 0.2788041631"
"1","
"
"1"," [41]"
"1"," 0.2810628637"
"1"," 0.2825500533"
"1"," 0.2832275821"
"1"," 0.2887177351"
"1"," 0.3244793411"
"1"," 0.3297530168"
"1"," 0.3346543919"
"1"," 0.3359668742"
"1","
"
"1"," [49]"
"1"," 0.3611215570"
"1"," 0.3646798147"
"1"," 0.3749178065"
"1"," 0.3861370372"
"1"," 0.4100003556"
"1"," 0.4280865653"
"1"," 0.4281148936"
"1"," 0.4315965660"
"1","
"
"1"," [57]"
"1"," 0.4315978451"
"1"," 0.4320082183"
"1"," 0.4442385302"
"1"," 0.4460175439"
"1"," 0.4547727353"
"1"," 0.4582942038"
"1"," 0.4835553861"
"1"," 0.4912408234"
"1","
"
"1"," [65]"
"1"," 0.4971104852"
"1"," 0.5219884935"
"1"," 0.5220324173"
"1"," 0.5303602603"
"1"," 0.5303610819"
"1"," 0.5303953130"
"1"," 0.5306440961"
"1"," 0.5540124104"
"1","
"
"1"," [73]"
"1"," 0.5558293786"
"1"," 0.5734995609"
"1"," 0.5740846896"
"1"," 0.5776574952"
"1"," 0.5791390732"
"1"," 0.6490277253"
"1"," 0.6493249259"
"1"," 0.6499859970"
"1","
"
"1"," [81]"
"1"," 0.6621111784"
"1"," 0.6666081234"
"1"," 0.6682224711"
"1"," 0.7212857425"
"1"," 0.7212954640"
"1"," 0.7258815811"
"1"," 0.7265494510"
"1"," 0.7266131626"
"1","
"
"1"," [89]"
"1"," 0.7512549400"
"1"," 0.7538273562"
"1"," 0.7548288639"
"1"," 0.7585607261"
"1"," 0.7826563858"
"1"," 0.8070661111"
"1"," 0.8136666958"
"1"," 0.8177667700"
"1","
"
"1"," [97]"
"1"," 0.8256353917"
"1"," 0.8300474307"
"1"," 0.8302170974"
"1"," 0.8737662138"
"1"," 0.8828006294"
"1"," 0.8833520248"
"1"," 0.8833743882"
"1"," 0.8915861005"
"1","
"
"1","[105]"
"1"," 0.8921677441"
"1"," 0.8927249770"
"1"," 0.9027672603"
"1"," 0.9158202582"
"1"," 0.9158627868"
"1"," 0.9185903285"
"1"," 0.9205685387"
"1"," 0.9294097632"
"1","
"
"1","[113]"
"1"," 0.9314656436"
"1"," 0.9418254307"
"1"," 0.9654144892"
"1"," 0.9834464502"
"1"," 0.9970330311"
"1"," 1.0035867204"
"1"," 1.0267120637"
"1"," 1.0268823144"
"1","
"
"1","[121]"
"1"," 1.0712728256"
"1"," 1.0712729491"
"1"," 1.0718536784"
"1"," 1.0725296506"
"1"," 1.0730175020"
"1"," 1.0742459339"
"1"," 1.0764878283"
"1"," 1.0920981246"
"1","
"
"1","[129]"
"1"," 1.1028396859"
"1"," 1.1028443667"
"1"," 1.1048962175"
"1"," 1.1098953044"
"1"," 1.1215989183"
"1"," 1.1236622935"
"1"," 1.1281751471"
"1"," 1.1292760691"
"1","
"
"1","[137]"
"1"," 1.1392548185"
"1"," 1.1400233492"
"1"," 1.1539764357"
"1"," 1.1640399804"
"1"," 1.1643254543"
"1"," 1.1666555597"
"1"," 1.1678598182"
"1"," 1.1935206392"
"1","
"
"1","[145]"
"1"," 1.2098840814"
"1"," 1.2152595297"
"1"," 1.2154853999"
"1"," 1.2403212028"
"1"," 1.2525160089"
"1"," 1.2538017243"
"1"," 1.2540131753"
"1"," 1.2633367639"
"1","
"
"1","[153]"
"1"," 1.2790413066"
"1"," 1.2862652887"
"1"," 1.3021163079"
"1"," 1.3068806990"
"1"," 1.3218177747"
"1"," 1.3238412231"
"1"," 1.3873814324"
"1"," 1.3875350478"
"1","
"
"1","[161]"
"1"," 1.4032114202"
"1"," 1.4040091308"
"1"," 1.4236430911"
"1"," 1.4372764259"
"1"," 1.4420248840"
"1"," 1.4465074974"
"1"," 1.4599494989"
"1"," 1.4632589493"
"1","
"
"1","[169]"
"1"," 1.4633796739"
"1"," 1.4963027837"
"1"," 1.5009107836"
"1"," 1.5104907416"
"1"," 1.5384601933"
"1"," 1.5472827827"
"1"," 1.5905089121"
"1"," 1.5913310953"
"1","
"
"1","[177]"
"1"," 1.6070377436"
"1"," 1.6072544206"
"1"," 1.6072934850"
"1"," 1.6073387220"
"1"," 1.6092006457"
"1"," 1.6167291240"
"1"," 1.6835877878"
"1"," 1.6903931573"
"1","
"
"1","[185]"
"1"," 1.6919945415"
"1"," 1.7242390213"
"1"," 1.7665417417"
"1"," 1.7688614478"
"1"," 1.7845566037"
"1"," 1.7894201455"
"1"," 1.7925558525"
"1"," 1.7931592855"
"1","
"
"1","[193]"
"1"," 1.8096089068"
"1"," 1.8149625830"
"1"," 1.8150155074"
"1"," 1.8235890830"
"1"," 1.8293383489"
"1"," 1.8306030663"
"1"," 1.8418222055"
"1"," 1.8538556871"
"1","
"
"1","[201]"
"1"," 1.8800598122"
"1"," 1.8800608751"
"1"," 1.8812448072"
"1"," 1.8812740334"
"1"," 1.8840010718"
"1"," 1.9037710256"
"1"," 1.9070992151"
"1"," 1.9143322255"
"1","
"
"1","[209]"
"1"," 1.9147700318"
"1"," 1.9275431184"
"1"," 1.9670165888"
"1"," 1.9689173644"
"1"," 1.9750311130"
"1"," 1.9808185093"
"1"," 2.0020314929"
"1"," 2.1161669402"
"1","
"
"1","[217]"
"1"," 2.1164338989"
"1"," 2.1171990069"
"1"," 2.1286716748"
"1"," 2.1287258728"
"1"," 2.1290746384"
"1"," 2.1294811525"
"1"," 2.1359960867"
"1"," 2.1382417387"
"1","
"
"1","[225]"
"1"," 2.1738522378"
"1"," 2.1738662523"
"1"," 2.1919585101"
"1"," 2.2032232320"
"1"," 2.2033149474"
"1"," 2.2043313887"
"1"," 2.2326294773"
"1"," 2.2488191409"
"1","
"
"1","[233]"
"1"," 2.2637488562"
"1"," 2.2648049083"
"1"," 2.2662196489"
"1"," 2.2684489121"
"1"," 2.2711495874"
"1"," 2.2840902723"
"1"," 2.2843156675"
"1"," 2.2858356918"
"1","
"
"1","[241]"
"1"," 2.3550965223"
"1"," 2.3778798092"
"1"," 2.3789055227"
"1"," 2.3838722211"
"1"," 2.4138497523"
"1"," 2.4302503626"
"1"," 2.4399297029"
"1"," 2.4400365605"
"1","
"
"1","[249]"
"1"," 2.4416471927"
"1"," 2.4422646851"
"1"," 2.4686337239"
"1"," 2.4687233207"
"1"," 2.4877640460"
"1"," 2.5008904517"
"1"," 2.5072864053"
"1"," 2.5156961410"
"1","
"
"1","[257]"
"1"," 2.5259353529"
"1"," 2.5350119510"
"1"," 2.5486420312"
"1"," 2.5530142610"
"1"," 2.5552009197"
"1"," 2.5554432156"
"1"," 2.5610707507"
"1"," 2.5610736696"
"1","
"
"1","[265]"
"1"," 2.5729961115"
"1"," 2.5758904316"
"1"," 2.5803629702"
"1"," 2.5909127259"
"1"," 2.5950039735"
"1"," 2.6022465268"
"1"," 2.6035042467"
"1"," 2.6924032210"
"1","
"
"1","[273]"
"1"," 2.6985206610"
"1"," 2.6995174130"
"1"," 2.7227374835"
"1"," 2.7365370297"
"1"," 2.7365370310"
"1"," 2.7365592503"
"1"," 2.7378506469"
"1"," 2.7504091808"
"1","
"
"1","[281]"
"1"," 2.7626132649"
"1"," 2.7629469367"
"1"," 2.7762042238"
"1"," 2.8183567947"
"1"," 2.8490599799"
"1"," 2.8636492299"
"1"," 2.8698861865"
"1"," 2.8807707655"
"1","
"
"1","[289]"
"1"," 2.9471423539"
"1"," 2.9519718438"
"1"," 2.9698761049"
"1"," 2.9796030099"
"1"," 2.9799219873"
"1"," 2.9802517128"
"1"," 2.9962039381"
"1"," 3.0271591464"
"1","
"
"1","[297]"
"1"," 3.0914343858"
"1"," 3.1053102076"
"1"," 3.1053744467"
"1"," 3.1278289970"
"1"," 3.1303543085"
"1"," 3.1325618143"
"1"," 3.1397816171"
"1"," 3.1401893928"
"1","
"
"1","[305]"
"1"," 3.1563850203"
"1"," 3.1901964520"
"1"," 3.2384829828"
"1"," 3.2388350322"
"1"," 3.2599876120"
"1"," 3.2777802426"
"1"," 3.2783350956"
"1"," 3.3156130986"
"1","
"
"1","[313]"
"1"," 3.3198467614"
"1"," 3.3217170357"
"1"," 3.3502530154"
"1"," 3.3833367113"
"1"," 3.3833435627"
"1"," 3.4272690430"
"1"," 3.4519373038"
"1"," 3.4621592468"
"1","
"
"1","[321]"
"1"," 3.4684118596"
"1"," 3.4767955330"
"1"," 3.4802870058"
"1"," 3.5003111043"
"1"," 3.5133666975"
"1"," 3.5141055883"
"1"," 3.5158966408"
"1"," 3.5399588091"
"1","
"
"1","[329]"
"1"," 3.5453972990"
"1"," 3.6251309023"
"1"," 3.6310030915"
"1"," 3.6317815660"
"1"," 3.6317974817"
"1"," 3.6376323193"
"1"," 3.6546453828"
"1"," 3.6563197202"
"1","
"
"1","[337]"
"1"," 3.6698912760"
"1"," 3.6720484549"
"1"," 3.8200209945"
"1"," 3.8239396429"
"1"," 3.8516408107"
"1"," 3.8520756717"
"1"," 3.8520814481"
"1"," 3.8522885476"
"1","
"
"1","[345]"
"1"," 3.8680409197"
"1"," 3.8692940932"
"1"," 3.8831617913"
"1"," 3.8879934785"
"1"," 3.8984299479"
"1"," 3.9279772257"
"1"," 3.9391522468"
"1"," 3.9397480484"
"1","
"
"1","[353]"
"1"," 4.0230234496"
"1"," 4.0234784347"
"1"," 4.0676306270"
"1"," 4.0780854771"
"1"," 4.0961524940"
"1"," 4.1112514642"
"1"," 4.1137481361"
"1"," 4.1267916382"
"1","
"
"1","[361]"
"1"," 4.1766201790"
"1"," 4.1822483986"
"1"," 4.1842603156"
"1"," 4.1925585915"
"1"," 4.2057809413"
"1"," 4.2372530733"
"1"," 4.2469826958"
"1"," 4.2470049361"
"1","
"
"1","[369]"
"1"," 4.2713360825"
"1"," 4.2889543087"
"1"," 4.2890544777"
"1"," 4.2946216530"
"1"," 4.2970451798"
"1"," 4.3142235951"
"1"," 4.3388114562"
"1"," 4.3507780516"
"1","
"
"1","[377]"
"1"," 4.3570376148"
"1"," 4.3638802915"
"1"," 4.3639652917"
"1"," 4.3640206682"
"1"," 4.3640527351"
"1"," 4.3641022266"
"1"," 4.3860926798"
"1"," 4.4179513020"
"1","
"
"1","[385]"
"1"," 4.4182027461"
"1"," 4.4218666985"
"1"," 4.4250647008"
"1"," 4.4602734768"
"1"," 4.4665301687"
"1"," 4.4780038322"
"1"," 4.4954277419"
"1"," 4.5091398171"
"1","
"
"1","[393]"
"1"," 4.5492322107"
"1"," 4.5504990683"
"1"," 4.5549568441"
"1"," 4.5715565467"
"1"," 4.5737027456"
"1"," 4.5998423149"
"1"," 4.5999054392"
"1"," 4.6148760199"
"1","
"
"1","[401]"
"1"," 4.6454012119"
"1"," 4.6489081640"
"1"," 4.6593848580"
"1"," 4.6595657936"
"1"," 4.6609170890"
"1"," 4.7212833057"
"1"," 4.7249362238"
"1","
"
"1","
"
"1","[[3]]
"
"1","  [1]"
"1","           NA"
"1","           NA"
"1"," 0.0004649925"
"1"," 0.0119899916"
"1"," 0.0123442359"
"1"," 0.0134366585"
"1"," 0.0250180359"
"1"," 0.0282836577"
"1","
"
"1","  [9]"
"1"," 0.0328889405"
"1"," 0.0404355221"
"1"," 0.0405061971"
"1"," 0.0405085960"
"1"," 0.0560822265"
"1"," 0.0622778311"
"1"," 0.0634458910"
"1"," 0.1095829571"
"1","
"
"1"," [17]"
"1"," 0.1101405997"
"1"," 0.1139483792"
"1"," 0.1172788792"
"1"," 0.1201012336"
"1"," 0.1204742065"
"1"," 0.1328764329"
"1"," 0.1355368768"
"1"," 0.1363382742"
"1","
"
"1"," [25]"
"1"," 0.1364084360"
"1"," 0.1414966911"
"1"," 0.1746872174"
"1"," 0.1747473789"
"1"," 0.1758350973"
"1"," 0.1763931689"
"1"," 0.1780118676"
"1"," 0.1799821688"
"1","
"
"1"," [33]"
"1"," 0.1843391504"
"1"," 0.1860941988"
"1"," 0.1861021130"
"1"," 0.2143860289"
"1"," 0.2214707130"
"1"," 0.2301121647"
"1"," 0.2515903385"
"1"," 0.2546955268"
"1","
"
"1"," [41]"
"1"," 0.2556311300"
"1"," 0.2559615636"
"1"," 0.2626372104"
"1"," 0.3011560737"
"1"," 0.3054792071"
"1"," 0.3113663045"
"1"," 0.3122478961"
"1"," 0.3394371192"
"1","
"
"1"," [49]"
"1"," 0.3437434304"
"1"," 0.3528262198"
"1"," 0.3628263992"
"1"," 0.3885048426"
"1"," 0.4080857803"
"1"," 0.4081974473"
"1"," 0.4110945098"
"1"," 0.4111104575"
"1","
"
"1"," [57]"
"1"," 0.4113418978"
"1"," 0.4246802674"
"1"," 0.4260792868"
"1"," 0.4339648836"
"1"," 0.4380671204"
"1"," 0.4647837379"
"1"," 0.4732444073"
"1"," 0.4784824113"
"1","
"
"1"," [65]"
"1"," 0.5046818183"
"1"," 0.5046887233"
"1"," 0.5137437157"
"1"," 0.5137658780"
"1"," 0.5138578940"
"1"," 0.5140038707"
"1"," 0.5362534139"
"1"," 0.5377665097"
"1","
"
"1"," [73]"
"1"," 0.5544561426"
"1"," 0.5552355950"
"1"," 0.5592578485"
"1"," 0.5604758502"
"1"," 0.6322099949"
"1"," 0.6324031937"
"1"," 0.6329049956"
"1"," 0.6457546101"
"1","
"
"1"," [81]"
"1"," 0.6498342487"
"1"," 0.6517121335"
"1"," 0.7061843582"
"1"," 0.7061843912"
"1"," 0.7111692897"
"1"," 0.7119910499"
"1"," 0.7120180562"
"1"," 0.7357900352"
"1","
"
"1"," [89]"
"1"," 0.7380847316"
"1"," 0.7389166018"
"1"," 0.7423147445"
"1"," 0.7672692879"
"1"," 0.7908389351"
"1"," 0.7978855062"
"1"," 0.8016511646"
"1"," 0.8099938973"
"1","
"
"1"," [97]"
"1"," 0.8147543036"
"1"," 0.8149962524"
"1"," 0.8574905405"
"1"," 0.8660415453"
"1"," 0.8667200365"
"1"," 0.8667248424"
"1"," 0.8753950620"
"1"," 0.8758641594"
"1","
"
"1","[105]"
"1"," 0.8765422768"
"1"," 0.8861044039"
"1"," 0.8997114897"
"1"," 0.8997903018"
"1"," 0.9027660280"
"1"," 0.9049528890"
"1"," 0.9133716837"
"1"," 0.9152263976"
"1","
"
"1","[113]"
"1"," 0.9251276536"
"1"," 0.9480164127"
"1"," 0.9654306068"
"1"," 0.9795593119"
"1"," 0.9857494565"
"1"," 1.0095634602"
"1"," 1.0096809508"
"1"," 1.0531405071"
"1","
"
"1","[121]"
"1"," 1.0531471772"
"1"," 1.0538392722"
"1"," 1.0544060988"
"1"," 1.0548024155"
"1"," 1.0558834928"
"1"," 1.0583336341"
"1"," 1.0734131216"
"1"," 1.0837129257"
"1","
"
"1","[129]"
"1"," 1.0837315223"
"1"," 1.0855943246"
"1"," 1.0902961826"
"1"," 1.1015417225"
"1"," 1.1034153176"
"1"," 1.1076457908"
"1"," 1.1088921318"
"1"," 1.1192934558"
"1","
"
"1","[137]"
"1"," 1.1201806878"
"1"," 1.1336517393"
"1"," 1.1433050531"
"1"," 1.1435250709"
"1"," 1.1460567876"
"1"," 1.1471243391"
"1"," 1.1721377500"
"1"," 1.1879816375"
"1","
"
"1","[145]"
"1"," 1.1936600988"
"1"," 1.1939506183"
"1"," 1.2194162685"
"1"," 1.2320450409"
"1"," 1.2331962296"
"1"," 1.2333555492"
"1"," 1.2423127926"
"1"," 1.2575391961"
"1","
"
"1","[153]"
"1"," 1.2644392064"
"1"," 1.2798072759"
"1"," 1.2848411132"
"1"," 1.3002454220"
"1"," 1.3021034232"
"1"," 1.3646944055"
"1"," 1.3648045564"
"1"," 1.3809547497"
"1","
"
"1","[161]"
"1"," 1.3816509184"
"1"," 1.4007671006"
"1"," 1.4148359290"
"1"," 1.4193348313"
"1"," 1.4240650298"
"1"," 1.4370891195"
"1"," 1.4401927085"
"1"," 1.4402769002"
"1","
"
"1","[169]"
"1"," 1.4725448419"
"1"," 1.4774020719"
"1"," 1.4873355408"
"1"," 1.5147115787"
"1"," 1.5238713709"
"1"," 1.5663624513"
"1"," 1.5672896857"
"1"," 1.5834397287"
"1","
"
"1","[177]"
"1"," 1.5837105817"
"1"," 1.5837742079"
"1"," 1.5838454711"
"1"," 1.5858572806"
"1"," 1.5930942690"
"1"," 1.6608227702"
"1"," 1.6679025767"
"1"," 1.6696371268"
"1","
"
"1","[185]"
"1"," 1.7012989301"
"1"," 1.7442704734"
"1"," 1.7467464884"
"1"," 1.7628394844"
"1"," 1.7679228324"
"1"," 1.7708874115"
"1"," 1.7714172958"
"1"," 1.7874727907"
"1","
"
"1","[193]"
"1"," 1.7930543017"
"1"," 1.7930873154"
"1"," 1.8013805378"
"1"," 1.8069005139"
"1"," 1.8082757736"
"1"," 1.8191757603"
"1"," 1.8315427124"
"1"," 1.8572620062"
"1","
"
"1","[201]"
"1"," 1.8572684371"
"1"," 1.8585575343"
"1"," 1.8586050401"
"1"," 1.8611795732"
"1"," 1.8805346726"
"1"," 1.8840357834"
"1"," 1.8915202748"
"1"," 1.8918992802"
"1","
"
"1","[209]"
"1"," 1.9050009692"
"1"," 1.9450420924"
"1"," 1.9468219381"
"1"," 1.9531568077"
"1"," 1.9587339487"
"1"," 1.9803523183"
"1"," 2.0954069790"
"1"," 2.0957193856"
"1","
"
"1","[217]"
"1"," 2.0965597280"
"1"," 2.1077502548"
"1"," 2.1078256882"
"1"," 2.1082253458"
"1"," 2.1085807428"
"1"," 2.1153075248"
"1"," 2.1176771784"
"1"," 2.1537707250"
"1","
"
"1","[225]"
"1"," 2.1537768807"
"1"," 2.1722074574"
"1"," 2.1837362666"
"1"," 2.1838059742"
"1"," 2.1847458751"
"1"," 2.2134536642"
"1"," 2.2293377524"
"1"," 2.2445625221"
"1","
"
"1","[233]"
"1"," 2.2455424619"
"1"," 2.2468690717"
"1"," 2.2492116324"
"1"," 2.2520359527"
"1"," 2.2647110283"
"1"," 2.2649025766"
"1"," 2.2665149826"
"1"," 2.3363834507"
"1","
"
"1","[241]"
"1"," 2.3595100068"
"1"," 2.3604649842"
"1"," 2.3655905281"
"1"," 2.3959520278"
"1"," 2.4126331967"
"1"," 2.4225259701"
"1"," 2.4226561128"
"1"," 2.4243533473"
"1","
"
"1","[249]"
"1"," 2.4249192818"
"1"," 2.4516308770"
"1"," 2.4517018286"
"1"," 2.4710290034"
"1"," 2.4843906522"
"1"," 2.4906249821"
"1"," 2.4992214566"
"1"," 2.5096645979"
"1","
"
"1","[257]"
"1"," 2.5189313567"
"1"," 2.5327918317"
"1"," 2.5370357803"
"1"," 2.5391320401"
"1"," 2.5394056050"
"1"," 2.5451792433"
"1"," 2.5451798010"
"1"," 2.5573117052"
"1","
"
"1","[265]"
"1"," 2.5603087864"
"1"," 2.5649079005"
"1"," 2.5756498620"
"1"," 2.5796234015"
"1"," 2.5867089509"
"1"," 2.5879017562"
"1"," 2.6773482504"
"1"," 2.6833245701"
"1","
"
"1","[273]"
"1"," 2.6843793057"
"1"," 2.7078735824"
"1"," 2.7218822345"
"1"," 2.7218830732"
"1"," 2.7218977916"
"1"," 2.7232527165"
"1"," 2.7360061757"
"1"," 2.7484004691"
"1","
"
"1","[281]"
"1"," 2.7487659638"
"1"," 2.7622185159"
"1"," 2.8047141792"
"1"," 2.8357059200"
"1"," 2.8504918119"
"1"," 2.8568563339"
"1"," 2.8675743493"
"1"," 2.9343561238"
"1","
"
"1","[289]"
"1"," 2.9392952323"
"1"," 2.9574079554"
"1"," 2.9672870458"
"1"," 2.9675793171"
"1"," 2.9678819428"
"1"," 2.9840259890"
"1"," 3.0152448183"
"1"," 3.0798934115"
"1","
"
"1","[297]"
"1"," 3.0939404094"
"1"," 3.0939936337"
"1"," 3.1166626315"
"1"," 3.1192595007"
"1"," 3.1215335128"
"1"," 3.1288722953"
"1"," 3.1293085254"
"1"," 3.1456795316"
"1","
"
"1","[305]"
"1"," 3.1797408529"
"1"," 3.2283211436"
"1"," 3.2286984019"
"1"," 3.2500418043"
"1"," 3.2680073476"
"1"," 3.2685928200"
"1"," 3.3061163072"
"1"," 3.3102683833"
"1","
"
"1","[313]"
"1"," 3.3121934067"
"1"," 3.3409399555"
"1"," 3.3742470474"
"1"," 3.3742510874"
"1"," 3.4184290542"
"1"," 3.4432837342"
"1"," 3.4536243935"
"1"," 3.4599690762"
"1","
"
"1","[321]"
"1"," 3.4684583636"
"1"," 3.4720175497"
"1"," 3.4922017606"
"1"," 3.5053851798"
"1"," 3.5060942262"
"1"," 3.5079323593"
"1"," 3.5321646030"
"1"," 3.5375231463"
"1","
"
"1","[329]"
"1"," 3.6175611784"
"1"," 3.6235149249"
"1"," 3.6243230733"
"1"," 3.6243350773"
"1"," 3.6302499159"
"1"," 3.6473980126"
"1"," 3.6491145133"
"1"," 3.6628046156"
"1","
"
"1","[337]"
"1"," 3.6650088006"
"1"," 3.8133618591"
"1"," 3.8173414687"
"1"," 3.8452025295"
"1"," 3.8456177756"
"1"," 3.8456260589"
"1"," 3.8458469950"
"1"," 3.8617173722"
"1","
"
"1","[345]"
"1"," 3.8630036958"
"1"," 3.8769802431"
"1"," 3.8818756455"
"1"," 3.8924048073"
"1"," 3.9221059126"
"1"," 3.9331871533"
"1"," 3.9338048544"
"1"," 4.0173333781"
"1","
"
"1","[353]"
"1"," 4.0177700910"
"1"," 4.0621025314"
"1"," 4.0726439206"
"1"," 4.0908233166"
"1"," 4.1060237524"
"1"," 4.1085613967"
"1"," 4.1216974897"
"1"," 4.1717040164"
"1","
"
"1","[361]"
"1"," 4.1773913025"
"1"," 4.1794383325"
"1"," 4.1876658268"
"1"," 4.2009775364"
"1"," 4.2325855135"
"1"," 4.2423897094"
"1"," 4.2424156245"
"1"," 4.2668627534"
"1","
"
"1","[369]"
"1"," 4.2845782982"
"1"," 4.2846858653"
"1"," 4.2903070120"
"1"," 4.2927659189"
"1"," 4.3100373829"
"1"," 4.3347349500"
"1"," 4.3467770814"
"1"," 4.3530907390"
"1","
"
"1","[377]"
"1"," 4.3599894398"
"1"," 4.3600807438"
"1"," 4.3601412127"
"1"," 4.3601771688"
"1"," 4.3602314493"
"1"," 4.3823197412"
"1"," 4.4142942042"
"1"," 4.4145355664"
"1","
"
"1","[385]"
"1"," 4.4182383261"
"1"," 4.4214723180"
"1"," 4.4567987441"
"1"," 4.4631043970"
"1"," 4.4746436299"
"1"," 4.4921472814"
"1"," 4.5059291612"
"1"," 4.5461388941"
"1","
"
"1","[393]"
"1"," 4.5474264077"
"1"," 4.5518457212"
"1"," 4.5685194948"
"1"," 4.5706921043"
"1"," 4.5969225575"
"1"," 4.5969813390"
"1"," 4.6118836984"
"1"," 4.6425060230"
"1","
"
"1","[401]"
"1"," 4.6460455208"
"1"," 4.6564661993"
"1"," 4.6566545925"
"1"," 4.6580260418"
"1"," 4.7185245156"
"1"," 4.7222094914"
"1","
"
"1","
"
"1","[[4]]
"
"1","  [1]"
"1","          NA"
"1","          NA"
"1"," 0.004308815"
"1"," 0.007923344"
"1"," 0.011159635"
"1"," 0.018479488"
"1"," 0.019481953"
"1"," 0.021267189"
"1","
"
"1","  [9]"
"1"," 0.033073358"
"1"," 0.033153011"
"1"," 0.033445937"
"1"," 0.052230385"
"1"," 0.056885168"
"1"," 0.057429689"
"1"," 0.098450081"
"1"," 0.099791032"
"1","
"
"1"," [17]"
"1"," 0.105156278"
"1"," 0.107359087"
"1"," 0.111367902"
"1"," 0.111465319"
"1"," 0.125841072"
"1"," 0.129321041"
"1"," 0.129776688"
"1"," 0.130004624"
"1","
"
"1"," [25]"
"1"," 0.136011696"
"1"," 0.171107824"
"1"," 0.171255843"
"1"," 0.172633474"
"1"," 0.173020209"
"1"," 0.174957511"
"1"," 0.176616496"
"1"," 0.181447261"
"1","
"
"1"," [33]"
"1"," 0.183478993"
"1"," 0.183512816"
"1"," 0.212688959"
"1"," 0.220141474"
"1"," 0.229127134"
"1"," 0.250065533"
"1"," 0.253389298"
"1"," 0.254215497"
"1","
"
"1"," [41]"
"1"," 0.254481909"
"1"," 0.261444542"
"1"," 0.300511864"
"1"," 0.304676118"
"1"," 0.310745963"
"1"," 0.311562939"
"1"," 0.339070422"
"1"," 0.343474136"
"1","
"
"1"," [49]"
"1"," 0.352415307"
"1"," 0.362238610"
"1"," 0.388182257"
"1"," 0.407927061"
"1"," 0.408048742"
"1"," 0.410893904"
"1"," 0.410914174"
"1"," 0.411130460"
"1","
"
"1"," [57]"
"1"," 0.424569653"
"1"," 0.425940374"
"1"," 0.433746873"
"1"," 0.437907393"
"1"," 0.464729621"
"1"," 0.473223979"
"1"," 0.478437505"
"1"," 0.504676875"
"1","
"
"1"," [65]"
"1"," 0.504683546"
"1"," 0.513738840"
"1"," 0.513760594"
"1"," 0.513851669"
"1"," 0.513998795"
"1"," 0.536242620"
"1"," 0.537748380"
"1"," 0.554397169"
"1","
"
"1"," [73]"
"1"," 0.555187528"
"1"," 0.559229902"
"1"," 0.560437748"
"1"," 0.632205783"
"1"," 0.632399664"
"1"," 0.632902012"
"1"," 0.645742308"
"1"," 0.649829169"
"1","
"
"1"," [81]"
"1"," 0.651702784"
"1"," 0.706113776"
"1"," 0.706113921"
"1"," 0.711068400"
"1"," 0.711876407"
"1"," 0.711906014"
"1"," 0.735739531"
"1"," 0.738048085"
"1","
"
"1"," [89]"
"1"," 0.738887079"
"1"," 0.742296916"
"1"," 0.767212602"
"1"," 0.790820073"
"1"," 0.797848978"
"1"," 0.801628083"
"1"," 0.809949858"
"1"," 0.814689779"
"1","
"
"1"," [97]"
"1"," 0.814926616"
"1"," 0.857471953"
"1"," 0.866034261"
"1"," 0.866710306"
"1"," 0.866715339"
"1"," 0.875372858"
"1"," 0.875845480"
"1"," 0.876519376"
"1","
"
"1","[105]"
"1"," 0.886094692"
"1"," 0.899685460"
"1"," 0.899762657"
"1"," 0.902727323"
"1"," 0.904903191"
"1"," 0.913342041"
"1"," 0.915204185"
"1"," 0.925117901"
"1","
"
"1","[113]"
"1"," 0.948013491"
"1"," 0.965422021"
"1"," 0.979556296"
"1"," 0.985743752"
"1"," 1.009559601"
"1"," 1.009677415"
"1"," 1.053130196"
"1"," 1.053137100"
"1","
"
"1","[121]"
"1"," 1.053831335"
"1"," 1.054396262"
"1"," 1.054790772"
"1"," 1.055868437"
"1"," 1.058323473"
"1"," 1.073388667"
"1"," 1.083671083"
"1"," 1.083690525"
"1","
"
"1","[129]"
"1"," 1.085544629"
"1"," 1.090230950"
"1"," 1.101448315"
"1"," 1.103309020"
"1"," 1.107518665"
"1"," 1.108776503"
"1"," 1.119207657"
"1"," 1.120102692"
"1","
"
"1","[137]"
"1"," 1.133541517"
"1"," 1.143163317"
"1"," 1.143378288"
"1"," 1.145926764"
"1"," 1.146983674"
"1"," 1.171939845"
"1"," 1.187731491"
"1"," 1.193441826"
"1","
"
"1","[145]"
"1"," 1.193739233"
"1"," 1.219263281"
"1"," 1.231927211"
"1"," 1.233068378"
"1"," 1.233223903"
"1"," 1.242150935"
"1"," 1.257333473"
"1"," 1.264201185"
"1","
"
"1","[153]"
"1"," 1.279516959"
"1"," 1.284581245"
"1"," 1.300034386"
"1"," 1.301876167"
"1"," 1.364361525"
"1"," 1.364466884"
"1"," 1.380673083"
"1"," 1.381358171"
"1","
"
"1","[161]"
"1"," 1.400412950"
"1"," 1.414534589"
"1"," 1.419004416"
"1"," 1.423764325"
"1"," 1.436738788"
"1"," 1.439816948"
"1"," 1.439896936"
"1"," 1.472077282"
"1","
"
"1","[169]"
"1"," 1.476969464"
"1"," 1.486950242"
"1"," 1.514246880"
"1"," 1.523453338"
"1"," 1.565841656"
"1"," 1.566784772"
"1"," 1.582997870"
"1"," 1.583276584"
"1","
"
"1","[177]"
"1"," 1.583344001"
"1"," 1.583419231"
"1"," 1.585451471"
"1"," 1.592649658"
"1"," 1.660490845"
"1"," 1.667603388"
"1"," 1.669353439"
"1"," 1.700946699"
"1","
"
"1","[185]"
"1"," 1.743997049"
"1"," 1.746490413"
"1"," 1.762624782"
"1"," 1.767729659"
"1"," 1.770678029"
"1"," 1.771200913"
"1"," 1.787215890"
"1"," 1.792821634"
"1","
"
"1","[193]"
"1"," 1.792852863"
"1"," 1.801116650"
"1"," 1.806611446"
"1"," 1.807999398"
"1"," 1.818863225"
"1"," 1.831268487"
"1"," 1.856932098"
"1"," 1.856939479"
"1","
"
"1","[201]"
"1"," 1.858241386"
"1"," 1.858291333"
"1"," 1.860848016"
"1"," 1.880151820"
"1"," 1.883675144"
"1"," 1.891190744"
"1"," 1.891562944"
"1"," 1.904703656"
"1","
"
"1","[209]"
"1"," 1.944806863"
"1"," 1.946574317"
"1"," 1.952932248"
"1"," 1.958487930"
"1"," 1.980147474"
"1"," 2.095282207"
"1"," 2.095598227"
"1"," 2.096444345"
"1","
"
"1","[217]"
"1"," 2.107613250"
"1"," 2.107690534"
"1"," 2.108094369"
"1"," 2.108445867"
"1"," 2.115189163"
"1"," 2.117568058"
"1"," 2.153693828"
"1"," 2.153699608"
"1","
"
"1","[225]"
"1"," 2.172149542"
"1"," 2.183691541"
"1"," 2.183760296"
"1"," 2.184696612"
"1"," 2.213422353"
"1"," 2.229293572"
"1"," 2.244530920"
"1"," 2.245507901"
"1","
"
"1","[233]"
"1"," 2.246830901"
"1"," 2.249178202"
"1"," 2.252007312"
"1"," 2.264671811"
"1"," 2.264861942"
"1"," 2.266478379"
"1"," 2.336367610"
"1"," 2.359501648"
"1","
"
"1","[241]"
"1"," 2.360455371"
"1"," 2.365583611"
"1"," 2.395948736"
"1"," 2.412629940"
"1"," 2.422521220"
"1"," 2.422651108"
"1"," 2.424347285"
"1"," 2.424913855"
"1","
"
"1","[249]"
"1"," 2.451619629"
"1"," 2.451690964"
"1"," 2.471010693"
"1"," 2.484364316"
"1"," 2.490604291"
"1"," 2.499194089"
"1"," 2.509628671"
"1"," 2.518886230"
"1","
"
"1","[257]"
"1"," 2.532733969"
"1"," 2.536985150"
"1"," 2.539086170"
"1"," 2.539358054"
"1"," 2.545123580"
"1"," 2.545124223"
"1"," 2.557243275"
"1"," 2.560233476"
"1","
"
"1","[265]"
"1"," 2.564823623"
"1"," 2.575550924"
"1"," 2.579533500"
"1"," 2.586630376"
"1"," 2.587827586"
"1"," 2.677231776"
"1"," 2.683219936"
"1"," 2.684269803"
"1","
"
"1","[273]"
"1"," 2.707739636"
"1"," 2.721727767"
"1"," 2.721728450"
"1"," 2.721743861"
"1"," 2.723092190"
"1"," 2.735824593"
"1"," 2.748196919"
"1"," 2.748558536"
"1","
"
"1","[281]"
"1"," 2.761986800"
"1"," 2.804436095"
"1"," 2.835385013"
"1"," 2.850139638"
"1"," 2.856482932"
"1"," 2.867228319"
"1"," 2.933940129"
"1"," 2.938859174"
"1","
"
"1","[289]"
"1"," 2.956932269"
"1"," 2.966781093"
"1"," 2.967078647"
"1"," 2.967386600"
"1"," 2.983491411"
"1"," 3.014653371"
"1"," 3.079215350"
"1"," 3.093220106"
"1","
"
"1","[297]"
"1"," 3.093275993"
"1"," 3.115889952"
"1"," 3.118467818"
"1"," 3.120723901"
"1"," 3.128030048"
"1"," 3.128458279"
"1"," 3.144779422"
"1"," 3.178766541"
"1","
"
"1","[305]"
"1"," 3.227254656"
"1"," 3.227623660"
"1"," 3.248903860"
"1"," 3.266810025"
"1"," 3.267384693"
"1"," 3.304819861"
"1"," 3.309001638"
"1"," 3.310906629"
"1","
"
"1","[313]"
"1"," 3.339574389"
"1"," 3.372794329"
"1"," 3.372799400"
"1"," 3.416874345"
"1"," 3.441649700"
"1"," 3.451938335"
"1"," 3.458241841"
"1"," 3.466683020"
"1","
"
"1","[321]"
"1"," 3.470210826"
"1"," 3.490319342"
"1"," 3.503440658"
"1"," 3.504164243"
"1"," 3.505979206"
"1"," 3.530126226"
"1"," 3.535525060"
"1"," 3.615406018"
"1","
"
"1","[329]"
"1"," 3.621316085"
"1"," 3.622108130"
"1"," 3.622122185"
"1"," 3.627993311"
"1"," 3.645066165"
"1"," 3.646758733"
"1"," 3.660380636"
"1"," 3.662557317"
"1","
"
"1","[337]"
"1"," 3.810678917"
"1"," 3.814619817"
"1"," 3.842377266"
"1"," 3.842805337"
"1"," 3.842811927"
"1"," 3.843023730"
"1"," 3.858815610"
"1"," 3.860079525"
"1","
"
"1","[345]"
"1"," 3.873981586"
"1"," 3.878832634"
"1"," 3.889296301"
"1"," 3.918886089"
"1"," 3.930035530"
"1"," 3.930637369"
"1"," 4.013977924"
"1"," 4.014428487"
"1","
"
"1","[353]"
"1"," 4.058621694"
"1"," 4.069094412"
"1"," 4.087182831"
"1"," 4.102299317"
"1"," 4.104802551"
"1"," 4.117859837"
"1"," 4.167710571"
"1"," 4.173344850"
"1","
"
"1","[361]"
"1"," 4.175360049"
"1"," 4.183651427"
"1"," 4.196882297"
"1"," 4.228364410"
"1"," 4.238097933"
"1"," 4.238120330"
"1"," 4.262455164"
"1"," 4.280074258"
"1","
"
"1","[369]"
"1"," 4.280174408"
"1"," 4.285741075"
"1"," 4.288163914"
"1"," 4.305339137"
"1"," 4.329920598"
"1"," 4.341881078"
"1"," 4.348135383"
"1"," 4.354971820"
"1","
"
"1","[377]"
"1"," 4.355056080"
"1"," 4.355110855"
"1"," 4.355142461"
"1"," 4.355191376"
"1"," 4.377168409"
"1"," 4.409007730"
"1"," 4.409261028"
"1"," 4.412917789"
"1","
"
"1","[385]"
"1"," 4.416108734"
"1"," 4.451291690"
"1"," 4.457536404"
"1"," 4.468992829"
"1"," 4.486393884"
"1"," 4.500084206"
"1"," 4.540136178"
"1"," 4.541395441"
"1","
"
"1","[393]"
"1"," 4.545867352"
"1"," 4.562439470"
"1"," 4.564575368"
"1"," 4.590677337"
"1"," 4.590742381"
"1"," 4.605741448"
"1"," 4.636225641"
"1"," 4.639718050"
"1","
"
"1","[401]"
"1"," 4.650219642"
"1"," 4.650397389"
"1"," 4.651739877"
"1"," 4.712043900"
"1"," 4.715680669"
"1","
"
"1","
"
"1","[[5]]
"
"1","  [1]"
"1","          NA"
"1","          NA"
"1"," 0.007845098"
"1"," 0.010727677"
"1"," 0.018249239"
"1"," 0.018863930"
"1"," 0.019978697"
"1"," 0.033015723"
"1","
"
"1","  [9]"
"1"," 0.033123619"
"1"," 0.033442320"
"1"," 0.051698151"
"1"," 0.056755673"
"1"," 0.057371040"
"1"," 0.097993361"
"1"," 0.099525369"
"1"," 0.105106978"
"1","
"
"1"," [17]"
"1"," 0.107203083"
"1"," 0.111338918"
"1"," 0.111424471"
"1"," 0.125809212"
"1"," 0.129194866"
"1"," 0.129691185"
"1"," 0.129893874"
"1"," 0.135724620"
"1","
"
"1"," [25]"
"1"," 0.170091912"
"1"," 0.170185591"
"1"," 0.171382165"
"1"," 0.171872420"
"1"," 0.173600810"
"1"," 0.175458006"
"1"," 0.179968932"
"1"," 0.181782325"
"1","
"
"1"," [33]"
"1"," 0.181793275"
"1"," 0.210042690"
"1"," 0.216972870"
"1"," 0.225348674"
"1"," 0.247197021"
"1"," 0.250194987"
"1"," 0.251193793"
"1"," 0.251556690"
"1","
"
"1"," [41]"
"1"," 0.258070005"
"1"," 0.295964248"
"1"," 0.300533665"
"1"," 0.306144192"
"1"," 0.307140806"
"1"," 0.333646600"
"1"," 0.337636638"
"1"," 0.347173892"
"1","
"
"1"," [49]"
"1"," 0.357574774"
"1"," 0.382605181"
"1"," 0.401505864"
"1"," 0.401568924"
"1"," 0.404743058"
"1"," 0.404745602"
"1"," 0.405053699"
"1"," 0.417838470"
"1","
"
"1"," [57]"
"1"," 0.419428801"
"1"," 0.427725128"
"1"," 0.431548666"
"1"," 0.457478069"
"1"," 0.465456756"
"1"," 0.471083247"
"1"," 0.496422098"
"1"," 0.496451483"
"1","
"
"1"," [65]"
"1"," 0.504974967"
"1"," 0.504978299"
"1"," 0.505023751"
"1"," 0.505245391"
"1"," 0.528286406"
"1"," 0.529995121"
"1"," 0.547276629"
"1"," 0.547940140"
"1","
"
"1"," [73]"
"1"," 0.551688471"
"1"," 0.553064010"
"1"," 0.623559891"
"1"," 0.623827738"
"1"," 0.624443284"
"1"," 0.636746462"
"1"," 0.641143358"
"1"," 0.642819602"
"1","
"
"1"," [81]"
"1"," 0.696117553"
"1"," 0.696125496"
"1"," 0.700743991"
"1"," 0.701419900"
"1"," 0.701481454"
"1"," 0.726040619"
"1"," 0.728570564"
"1"," 0.729542154"
"1","
"
"1"," [89]"
"1"," 0.733208611"
"1"," 0.757447889"
"1"," 0.781715852"
"1"," 0.788398036"
"1"," 0.792436733"
"1"," 0.800386849"
"1"," 0.804845509"
"1"," 0.805022911"
"1","
"
"1"," [97]"
"1"," 0.848400614"
"1"," 0.857322754"
"1"," 0.857904053"
"1"," 0.857921025"
"1"," 0.866233119"
"1"," 0.866790556"
"1"," 0.867371704"
"1"," 0.877306734"
"1","
"
"1","[105]"
"1"," 0.890479536"
"1"," 0.890528178"
"1"," 0.893299480"
"1"," 0.895310126"
"1"," 0.904079470"
"1"," 0.906095047"
"1"," 0.916350869"
"1"," 0.939747826"
"1","
"
"1","[113]"
"1"," 0.957578009"
"1"," 0.971340984"
"1"," 0.977776981"
"1"," 1.001113250"
"1"," 1.001267594"
"1"," 1.045358167"
"1"," 1.045359479"
"1"," 1.045978244"
"1","
"
"1","[121]"
"1"," 1.046614774"
"1"," 1.047068702"
"1"," 1.048241915"
"1"," 1.050558746"
"1"," 1.065968091"
"1"," 1.076527025"
"1"," 1.076536499"
"1"," 1.078505682"
"1","
"
"1","[129]"
"1"," 1.083370617"
"1"," 1.094856805"
"1"," 1.096825521"
"1"," 1.101193960"
"1"," 1.102368137"
"1"," 1.112554394"
"1"," 1.113378406"
"1"," 1.127095305"
"1","
"
"1","[137]"
"1"," 1.136946315"
"1"," 1.137196046"
"1"," 1.139631078"
"1"," 1.140762740"
"1"," 1.166068529"
"1"," 1.182129376"
"1"," 1.187681522"
"1"," 1.187943634"
"1","
"
"1","[145]"
"1"," 1.213128496"
"1"," 1.225549773"
"1"," 1.226765299"
"1"," 1.226948700"
"1"," 1.236076134"
"1"," 1.251513090"
"1"," 1.258548056"
"1"," 1.274106961"
"1","
"
"1","[153]"
"1"," 1.279034498"
"1"," 1.294245556"
"1"," 1.296172237"
"1"," 1.359132214"
"1"," 1.359257309"
"1"," 1.375229191"
"1"," 1.375963602"
"1"," 1.395269646"
"1","
"
"1","[161]"
"1"," 1.409178219"
"1"," 1.413768966"
"1"," 1.418406475"
"1"," 1.431583107"
"1"," 1.434758121"
"1"," 1.434854156"
"1"," 1.467335647"
"1"," 1.472113166"
"1","
"
"1","[169]"
"1"," 1.481928492"
"1"," 1.509497452"
"1"," 1.518548666"
"1"," 1.561267141"
"1"," 1.562162731"
"1"," 1.578175353"
"1"," 1.578428168"
"1"," 1.578483212"
"1","
"
"1","[177]"
"1"," 1.578545391"
"1"," 1.580507285"
"1"," 1.587838465"
"1"," 1.655270505"
"1"," 1.662248189"
"1"," 1.663931410"
"1"," 1.695807552"
"1"," 1.738530154"
"1","
"
"1","[185]"
"1"," 1.740944057"
"1"," 1.756873813"
"1"," 1.761862891"
"1"," 1.764900062"
"1"," 1.765460312"
"1"," 1.781675963"
"1"," 1.787165020"
"1"," 1.787205614"
"1","
"
"1","[193]"
"1"," 1.795610670"
"1"," 1.801218851"
"1"," 1.802551118"
"1"," 1.813571352"
"1"," 1.825811408"
"1"," 1.851711975"
"1"," 1.851715937"
"1"," 1.852966093"
"1","
"
"1","[201]"
"1"," 1.853006346"
"1"," 1.855636068"
"1"," 1.875136098"
"1"," 1.878577159"
"1"," 1.885971782"
"1"," 1.886371494"
"1"," 1.899351899"
"1"," 1.939170229"
"1","
"
"1","[209]"
"1"," 1.940998432"
"1"," 1.947242906"
"1"," 1.952905157"
"1"," 1.974355838"
"1"," 2.088996095"
"1"," 2.089286297"
"1"," 2.090089901"
"1"," 2.101414373"
"1","
"
"1","[217]"
"1"," 2.101479420"
"1"," 2.101854690"
"1"," 2.102233724"
"1"," 2.108859320"
"1"," 2.111168317"
"1"," 2.147017758"
"1"," 2.147027597"
"1"," 2.165278502"
"1","
"
"1","[225]"
"1"," 2.176661841"
"1"," 2.176743443"
"1"," 2.177725391"
"1"," 2.206201232"
"1"," 2.222258758"
"1"," 2.237315456"
"1"," 2.238338873"
"1"," 2.239715397"
"1","
"
"1","[233]"
"1"," 2.241992900"
"1"," 2.244745269"
"1"," 2.257572588"
"1"," 2.257782903"
"1"," 2.259342645"
"1"," 2.328852177"
"1"," 2.351764471"
"1"," 2.352763933"
"1","
"
"1","[241]"
"1"," 2.357788125"
"1"," 2.387897438"
"1"," 2.404387315"
"1"," 2.414130479"
"1"," 2.414243876"
"1"," 2.415879101"
"1"," 2.416481657"
"1"," 2.442944233"
"1","
"
"1","[249]"
"1"," 2.443028759"
"1"," 2.462140845"
"1"," 2.475320765"
"1"," 2.481680144"
"1"," 2.490131551"
"1"," 2.500412924"
"1"," 2.509525607"
"1"," 2.523195194"
"1","
"
"1","[257]"
"1"," 2.527545799"
"1"," 2.529716297"
"1"," 2.529964076"
"1"," 2.535616605"
"1"," 2.535619005"
"1"," 2.547574059"
"1"," 2.550482872"
"1"," 2.554971960"
"1","
"
"1","[265]"
"1"," 2.565544052"
"1"," 2.569621892"
"1"," 2.576844563"
"1"," 2.578093334"
"1"," 2.667054486"
"1"," 2.673158521"
"1"," 2.674160911"
"1"," 2.697403524"
"1","
"
"1","[273]"
"1"," 2.711215292"
"1"," 2.711215298"
"1"," 2.711237118"
"1"," 2.712531384"
"1"," 2.725096236"
"1"," 2.737302718"
"1"," 2.737636422"
"1"," 2.750891562"
"1","
"
"1","[281]"
"1"," 2.793030359"
"1"," 2.823711811"
"1"," 2.838280797"
"1"," 2.844502213"
"1"," 2.855406899"
"1"," 2.921723282"
"1"," 2.926534643"
"1"," 2.944400186"
"1","
"
"1","[289]"
"1"," 2.954095377"
"1"," 2.954420316"
"1"," 2.954755991"
"1"," 2.970665274"
"1"," 3.001553459"
"1"," 3.065717399"
"1"," 3.079535711"
"1"," 3.079604037"
"1","
"
"1","[297]"
"1"," 3.101980784"
"1"," 3.104478788"
"1"," 3.106660242"
"1"," 3.113831539"
"1"," 3.114227610"
"1"," 3.130346810"
"1"," 3.164040705"
"1"," 3.212175770"
"1","
"
"1","[305]"
"1"," 3.212514472"
"1"," 3.233560018"
"1"," 3.251250109"
"1"," 3.251786576"
"1"," 3.288908026"
"1"," 3.293195543"
"1"," 3.295030534"
"1"," 3.323424260"
"1","
"
"2","
"
